<?xml version="1.0" encoding="UTF-8"?>
<beans xmlns="http://www.springframework.org/schema/beans"
       xmlns:xsi="http://www.w3.org/2001/XMLSchema-instance" xmlns:aop="http://www.springframework.org/schema/aop"
       xmlns:tx="http://www.springframework.org/schema/tx" xmlns:jdbc="http://www.springframework.org/schema/jdbc"
       xmlns:context="http://www.springframework.org/schema/context"
       xmlns:task="http://www.springframework.org/schema/task"
       xmlns:websocket="http://www.springframework.org/schema/websocket"
       xsi:schemaLocation="http://www.springframework.org/schema/context http://www.springframework.org/schema/context/spring-context.xsd
     http://www.springframework.org/schema/beans http://www.springframework.org/schema/beans/spring-beans.xsd
     http://www.springframework.org/schema/tx http://www.springframework.org/schema/tx/spring-tx.xsd
     http://www.springframework.org/schema/aop http://www.springframework.org/schema/aop/spring-aop.xsd http://www.springframework.org/schema/task http://www.springframework.org/schema/task/spring-task.xsd
     http://www.springframework.org/schema/websocket/spring-websocket.xsd">

    <context:component-scan base-package="com.manage" annotation-config="true">
        <context:exclude-filter type="annotation" expression="org.springframework.stereotype.Controller" />
    </context:component-scan>

    <aop:aspectj-autoproxy/>

    <!-- spring schedule -->
    <context:property-placeholder location="classpath:datasource.properties"/>
    <task:annotation-driven/>


    <!--<import resource="applicationContext-spring-session.xml"/>-->
    <import resource="applicationContext-datasource.xml"/>
    <!--<import resource="applicationContext-spring-rabbitMQ.xml"/>-->
    <!--redisDao-->
    <!--<bean id="amqpTemplate" class="org.springframework.amqp.rabbit.core.RabbitTemplate" />-->
</beans>